Numer VIN,Model,Rok produkcji,Cena,Paliwo,Typ nadwozia,Przebieg,Kolor,Poj. silnika,Stan techniczny,Skrzynia biegów,Kraj pochodzenia,Moc silnika,Napęd,Kierownica,Lokalizacja,Województwo,Tytuł,Rodzaj ogłoszenia,Znalezione o,Link,ID,Producent,Opis
,A3,2000,"2990
donegocjacji",Diesel,Hatchback,276000,Srebrny,1890,Nieuszkodzony,Manualna,,90,Na przednie koła,,"Wrocław, Krzyki",Dolnośląskie,Audi A3 1.9 TDI//Zamiana//Fajny stan//oszczędny//nowe opony//,Firmowe,2025-04-19 16:12:56.446987,https://www.olx.pl/d/oferta/audi-a3-1-9-tdi-zamiana-fajny-stan-oszczedny-nowe-opony-CID5-ID15hflN.html,994125099,Audi,"Samochód zarejestrowany w kraju z ważnymi opłatami !!

Dzień dobry dziś mamy dla państwa do zaprezentowania bardzo fajną w super stanie Audi A3 z silnikiem diesla o pojemności 1.9 Na chwilę obecną nie wymaga żadnych dodatkowych nakładów finansowych. Silnik odpala na dotyk pracuje równo i prawidłowo. Zawiesznie nie wybite prowadzi się pewnie i komfortowo. Wnętrze czyste i zadbane. wizualnie bardzo ładnie się prezentuje. Cena oczywiście podlega negocjacji.

Na wyposażeniu samochodu :

- klimatyzacja
- centralny zamek
- elektryczne lusterka
- elektryczne szyby
- kierownica wielofunkcyjna
- tempomat
- czujniki parkowania
- przyciemniane szyby
- radio
- komputer pokładowy
- ⁠wspomaganie kierownicy
- ⁠ABS
- ESP

Ubezpieczenie OC oraz przegląd techniczny ważne.

Chętnie zamienimy !

Mamy dużo aut w podobnych cenach!

Zapraszamy na ul. Powstańców Śląskich 211A, 53-140 Wrocław za LIDLEM

Przed przyjazdem zadzwoń, zapytaj o dostępność wybranego autka !

Kończy Ci sie ubezpieczenie lub przegląd?
Przyjmiemy Twoje auto w rozliczeniu!

Rezerwacja wybranego modelu mozliwa jedynie poprzez wplate zadatku !

SKUPUJEMY WSZYSTKIE MARKI SAMOCHODÓW!
Wystawiamy Fakture VAT MARZA - Jesteście Państwo zwolnieni z oplaty skarbowej 2% :) !

Godziny otwarcia
Poniedzialek-Piątek 8:00-20:00
Sobota 8:00-20:00
Niedziela 8:00-20:00
Zapraszamy do kontaktu przez olx i telefonicznego"
,Zafira,2005,"2900
donegocjacji",Diesel,Hatchback,360000,Srebrny,2000,Nieuszkodzony,Manualna,,100,,,"Chorzów,",Śląskie,"Opel Zafira 2005r 2.0DTi, 7 Osób, Hak",Prywatne,2025-04-19 16:12:57.997397,https://www.olx.pl/d/oferta/opel-zafira-2005r-2-0dti-7-osob-hak-CID5-ID15lhSw.html,995088127,Opel,"Witam, na sprzedaż samochód Opel Zafira z 2005roku z silnikiem 2.0 DTi, samochód jest w wersji 7 osobowej i tyle posiada foteli. Silnik równo pracuje, prawidłowo przyśpiesza. Samochód dobrze się prowadzi, nie ściąga, nie słychać stuków z zawieszenia. Wizualnie dość dobrze się prezentuje jak na swoje lata, ma normalne ślady użytkowania, można znaleźć oznaki korozji jak na Opla z tych lat. Wnętrze dość dobrze utrzymane jak na swoje lata, fotele nie powycierane.
Wyposażenie:
- Klima
- Elektryczne szyby
- Elektryczne lusterka
- Hak
- Centralny zamek
- ESP, ABS
- Poduszki powietrzne
- Hak
Samochód jest zarejestrowany w Polsce z ważnym OC miesięcznym, brak przeglądu."
,2,2004,3500,Benzyna,Hatchback,280000,Czerwony,1400,Nieuszkodzony,Manualna,,80,,,"Tarnowo,",Wielkopolskie,Sprzedam Mazda 2 1.4 ben klimatyzacja SPRAWNA,Firmowe,2025-04-19 16:12:59.609444,https://www.olx.pl/d/oferta/sprzedam-mazda-2-1-4-ben-klimatyzacja-sprawna-CID5-ID15l9Y8.html,995057724,Mazda,Sprzedam Mazda 2 1.4 Ben. Rok produkcji 2004r. Auto zarejestrowane w Polsce z ważnym przeglądem technicznym (listopada 2025r) i ubezpieczenie OC (kwietnia 2026r). Wyposażenie wspomaganie kierownicy centralny zamek elektryczne lusterka ABS poduszki powietrzne klimatyzacja SPRAWNA. Cena do negocjacji więcej informacji telefonicznie
,Tiguan,2012,41900,Diesel,SUV,172000,Biały,1968,Nieuszkodzony,Manualna,Francja,170,Na przednie koła,po lewej,"Kielce,",Świętokrzyskie,VW Tiguan_2.0 TDI 170KM_Lift_Panorama_Skóry_Serwis_Zadbany,Firmowe,2025-04-19 16:13:01.458552,https://www.olx.pl/d/oferta/vw-tiguan-2-0-tdi-170km-lift-panorama-skory-serwis-zadbany-CID5-ID15ocCD.html,995782907,Volkswagen,"Volkswagen Tiguan 2.0 TDI CR 170KM z manualną skrzynią 6 i napędem na przednią oś.
Rok produkcji 2012- Polift
Samochód w bardzo dobrym stanie technicznym. Silnik bez wycieków, zapala na dotyk, ładnie równo pracuje.
Zawieszenie ciche, nie wybite. Skrzynia I sprzęgła pracują jak należy.
Karoseria bez korozji zarówno z.wierzchu jak i pod spodem. Auto ładnie się prezentuje nie jest porysowane, poobijane itp.
Miernik grubości lakieru wskazuje fabryczne wartości.
Wnętrze czyste I zadbane, skóry ładne nie wytarte,

Wyposażenie:
* Klimatyzacja automatyczna dwustrefowa
* Nawigacja
* Asystent parkowania (sam parkuje)
* Czujniki parkowania przód I tył z wizualizacją na ekranie
* Podgrzewane fotele przednie
* Tempomat
* Dach Panorama odsuwany i uchylny
* 4 elektryczne szyby
* Duże dotykowe fabryczne radio
* 10 poduszek powietrznych
* Multifunkcyjna kierownica
* elektrycznie sterowany i pompowany fotel kierowcy
* Klimatyzowany schowek
* HAK
* elektryczne, podgrzewane lusterka
* Isofix
* Alufelgi

Tiguan zarejestrowany w Polsce z ważnymi przeglądem i OC.

Kontakt telefoniczny
720 # 708 # 453"
,A5,2013,"77500
donegocjacji",Benzyna,Hatchback,191000,Niebieski,2000,Nieuszkodzony,Automatyczna,Polska,225,4x4 (stały),po lewej,"Rybna,",Małopolskie,Audi a5 sline quattro polski salon,Prywatne,2025-04-19 16:13:03.693375,https://www.olx.pl/d/oferta/audi-a5-sline-quattro-polski-salon-CID5-ID15gkIv.html,993907400,Audi,"Audi a5 2.0 tfsi quattro dsg 2013 rok polski salon bardzo bogato wyposażone i utrzymane pedantycznie wszystkie naprawy na bieżąco swieżo po wymianie rozrzadu filtrów oleju nowe hamulce przod tył z Audi s5 lotka na klape ori s5 felgi 20"" po wirusie w RR TUNING KRAKOW z wykresem 310km
Bang &olufsen wiecej szczegółów pod numerem telefonu."
,Pozostałe Baic,2018,58000,LPG,SUV,95000,Czarny,1500,Nieuszkodzony,Automatyczna,,136,Na przednie koła,,"Brzóstowa,",Świętokrzyskie,Piękny Suv BAIC BJ20 2018r 1.5B+GAZ ( Mitsubishi silnik itp ),Prywatne,2025-04-19 16:13:05.886952,https://www.olx.pl/d/oferta/piekny-suv-baic-bj20-2018r-1-5b-gaz-mitsubishi-silnik-itp-CID5-ID15o5pv.html,995755186,Baic,"Witam serdecznie. Posiadam na sprzedaż piękne auto Baic BJ20 2018 rok produkcji ze starym niezawodnym silnikiem Mitsubishi 1.5 benzyna plus gaz 136km oraz bezawaryjną automatyczną skrzynią biegów

Części ogólnodostępne i co ważne są bardzo tanie, przykładowo NOWY silnik 4200zl, końcówki zawieszenia są po kilkanaście złotych.

Auto jest bardzo bogato wyposażone, posiada m.in. KAMERY 360 stopni. SZKLANY ODSUWANY DACH. WENTYLOWANE FOTELE. PODGRZEWANE FOTELE. BARDZO DUŻY DOTYKOWY WYŚWIETLACZ. CZUJNIKI MARTWEGO POLA. CZUJNIKI PARKOWANIA TYŁ I PRZÓD. LUSTERKA FOTOCHROMATYCZNE. EL SZYBY I LUSTERKA. SKÓRZANĄ TAPICERKĘ SZYTĄ CZERWONĄ NICIĄ. USB. HDMI. BLUETOOTH. ZESTAW GŁOŚNOMÓWIĄCY. KIEROWNICE WIELOFUNKCYJNĄ. HAK ODPINANY. ELEKTRYCZNE FOTELE. TEMPOMAT. AUTOALARM. CENTRALNY ZAMEK. WSPOMAGANIE KIEROWNICY. REGULACJA KIEROWNICY. REGULACJA ŚWIATEŁ. DOŚWIETLANIE ZAKRĘTÓW.

Duża butla gazowa 60l która jest w miejscu koła zapasowego

Samochód bardzo ładny wizualnie i przyciągający wzrok

Najtańszy taki model na sprzedaż z roku 2018 w Niemczech to koszt 57.000 złotych i nie ma LPG, także myślę że moją cena raczej okazyjna"
,Seria 5,2005,14700,Benzyna,Sedan,200000,Czerwony,2200,Nieuszkodzony,Automatyczna,,170,,po prawej,"Piotrków Trybunalski,",Łódzkie,Sprzedam bmw e60,Prywatne,2025-04-19 16:13:07.399488,https://www.olx.pl/d/oferta/sprzedam-bmw-e60-CID5-ID15qTMs.html,996425464,BMW,Sprzedam bmw e60. Auto po bardzo dużym serwisie bez wkładu własnego. Przegląd i oc do 12.05.2025r. Dokładam koła zimowe. Na wszelkie pytania odpowiem przy oględzinach lub proszę dzwonić na nr. tel. 60*****35. Zapraszam.
,F350,1953,55000,Diesel,Pickup,999,Czerwony,6900,Nieuszkodzony,Manualna,Stany Zjednoczone,350,Na tylne koła,po lewej,PRZEDSIĘBIORCA,Retro,"Ford F600, silnik 6.9l, 1953 rok",Firmowe,2025-04-19 16:13:09.541570,https://www.olx.pl/d/oferta/ford-f600-silnik-6-9l-1953-rok-CID5-ID15myNL.html,995391509,Ford,"Ford F600 - Złomek
Auto zbudowane na bazie oryginalnej Forda który służył w straży pożarnej pod Nowym Jorkiem.
Napisy na drzwiach są zachowane z lat w których służył. Karoseria została zabezpieczona lakierem bezbarwnym. Posiadamy zdjęcia jego z lat 50 z straży.
-Silnik 6.9 idi z forda f250 1986r,
na koniec sezonu zaczęło coś puka (możliwe że wtryski) w tym roku jeszcze nie odpalany
-Zawieszenie pneumatyczne, dwa kompresory, zbiornik 50l
-Most Dodge ram 2019r
-Skrzynia Manualna
-Wspomaganie elektryczne
-Fotele Kubełkowe aluminiowe, dwie hydrołapy- jedna na przód -druga na tył
-Rama została kompleksowo odrestaurowana
-Samochód jest w trakcie rejestracji
Sprzedajemy z powodu budowy innych projektów
Proszę o kontakt telefoniczny, lub w wiadomości- jakbym nie odbierał proszę zostawić sms
Pozdrawiam Dominik"
WVGZZZ5NZHW423022,Tiguan,2017,"84800
donegocjacji",Diesel,Terenowy,114000,Szary,1968,Uszkodzony,Automatyczna,Niemcy,190,4x4 (dołączany automatycznie),po lewej,"Warszawa, Ursus",Mazowieckie,Volkswagen Tiguan,Prywatne,2025-04-19 16:13:11.282517,https://www.olx.pl/d/oferta/volkswagen-tiguan-CID5-ID15hgcG.html,994128378,Volkswagen,Witam mam do sprzedania Volkswagena Tiguana z Niemiec do lekkiej naprawy z Niemiec do opłat
,A6,2007,"29000
donegocjacji",Diesel,Kombi,240000,Czarny,3000,Nieuszkodzony,Automatyczna,,240,,po lewej,"Sobiesęki Drugie,",Wielkopolskie,Sprzedam Audi A6 C6 3.0 Tdi quattro,Prywatne,2025-04-19 16:13:13.013040,https://www.olx.pl/d/oferta/sprzedam-audi-a6-c6-3-0-tdi-quattro-CID5-ID15hmYn.html,994154399,Audi,"Witam mam na sprzedaż prywatne auto Audi a6 c6 3.0 TDI quattro. Auto dobrze wyposażone środek s-line ,nagłośnienie bose ,dwustrefowa klimatyzacja, parktronic, kamera cofania, radio CarPlay ,"
WAUZZZ8K6AN057442,A4,2010,"27400
donegocjacji",Diesel,Sedan,365000,Inny kolor,1968,Nieuszkodzony,Manualna,Belgia,120,Na przednie koła,po lewej,"Rzeszów,",Podkarpackie,Audi A4 B8 Sline,Prywatne,2025-04-19 16:13:14.570695,https://www.olx.pl/d/oferta/audi-a4-b8-sline-CID5-ID15ogLL.html,995798849,Audi,"Sprzedam granatowe Audi A4 B8 S line z 2010 roku pół lift.

W środku beżowe wykończenie, skóra w bardzo dobrym stanie.

Diesel, stan licznika to 365 tysięcy. Silnik CAGC, seryjnie 120KM, program wgrany na 173KM.

W marcu wymieniane klocki hamulcowe z tyłu, OC opłacone do kwietnia 2026.

Rok temu wymiana sprzęgła i dwumasy. Posiada nowy akumulator.

Na karoserii widoczne niewielkie ubytki lakieru. Od strony pasażera z przodu lekkie wgniecenie progu po najechaniu na krawężnik.

Auto w pełni sprawne, komfortowe do jazdy.

Do auta dołączam alufelgi jak na zdjęciu 18. Aktualnie auta na oponach zimowych 15."
,Colt,2005,"3990
donegocjacji",Benzyna,Hatchback,198925,Srebrny,1300,Nieuszkodzony,Manualna,,95,Na przednie koła,po lewej,"Dąbrowa Górnicza,",Śląskie,Mitsubishi Colt 1.3 Benzyna//Zadbany//5drzwi//Klima//Zamiana,Firmowe,2025-04-19 16:13:17.404878,https://www.olx.pl/d/oferta/mitsubishi-colt-1-3-benzyna-zadbany-5drzwi-klima-zamiana-CID5-ID15q1UQ.html,996218408,Mitsubishi,"LРозмовляємо українською мовою.

Auto zarejestrowane w Polsce
Wrocław ul Mokronoska 5
AUTO za GROSZE
Tel.7********97

Wystawiamy na sprzedaż auto marki Mitsubishi Colt z 2005 roku, napędzany ekonomicznym silnikiem 1.3 Benzyna o mocy 95 koni mechanicznych połączony z manualną skrzynią biegów.
Auto jest niezawodne i bardzo ekonomiczne. Charakteryzuje się dobrymi właściwościami jezdnymi. Z racji wersji nadwozia typu hatchback idealnie sprawdzi się w rękach świeżego kierowcy oraz w gastronomii. Czyste oraz zadbane wnętrze, nieprzetarta tapicerka. Za komfort podczas użytkowania odpowiada wspomaganie oraz klimatyzacja i elektryczne szyby!

Silnik pracuje równo, skrzynia biegów oraz sprzęgło działają bez zarzutu. Zawieszenie płynnie wybiera nierówności

Na wyposażeniu samochodu:

- Elektryczne szyby
- Elektryczne lusterka
- Klimatyzacja
- Wspomaganie kierownicy
- Poduszki powietrzne
- Grzana tylna szyba
- Gniazdko 12V

Samochód posiada ważne ubezpieczenie OC aż do 07.2025 oraz ważny przegląd techniczny do 09.2025.

Mamy dużo aut w podobnych cenach! Zapraszamy na ul. Mokronoska 5 we Wrocławiu !

Przed przyjazdem zadzwoń, zapytaj o dostępność wybranego autka !

Przyjmiemy Twoje auto w rozliczeniu !
Rezerwacja wybranego modelu mozliwa jedynie poprzez wpłatę zadatku!

SKUPUJEMY WSZYSTKIE MARKI SAMOCHODOW.
Godziny otwarcia
Poniedziałek-Piątek 10:00-19:00
Sobota 09:00-19:00
Niedziela 11:00-16.00

Маємо також багато автомобілів у подібних цінах.
Запрошуємо вас на огляд авто та пробну поїздку на вибраному вами автомобілі вул.Mokronoska 5 Wrocław

Приймаємо також автомобілі на заміну, та пропонуємо автомобілі з актуальними оплатами і готове до поїздок.
Перед приїздом прошу подзвонити та запитати про наявність зацікавленого вами автомобіля .
А також виставляємо фактуру VAT. Ви звільнені від оплат 2%
Години праці :
ПН-Сб10-19
Неділя 11-16"
JHMCU2600DC201229,Accord,2012,59000,LPG,Sedan,132500,Inny kolor,2400,Nieuszkodzony,Automatyczna,Polska,201,Na przednie koła,po lewej,"Biała Podlaska,",Lubelskie,Honda Accord 2.4,Prywatne,2025-04-19 16:13:19.233040,https://www.olx.pl/d/oferta/honda-accord-2-4-CID5-ID15p2vX.html,995982443,Honda,"Wyposażenie - bezpieczeństwo: ABS, alarm, aSR (kontrola trakcji), asystent pasa ruchu, centralny zamek, czujnik deszczu, czujnik zmierzchu, czujniki parkowania przednie, czujniki parkowania tylne, eSP (stabilizacja toru jazdy), immobilizer, isofix, kamera cofania, kurtyny powietrzne, poduszka powietrzna chroniąca kolana, poduszka powietrzna kierowcy, poduszka powietrzna pasażera, poduszki boczne przednie, poduszki boczne tylne, światła do jazdy dziennej, wbudowane w lampę, światła LED, światła przeciwmgłowe, światła xenonowe, wygłuszenie realizowane w www.wyciszauto.pl
wyposażenie - komfort: elektryczne szyby przednie, elektryczne szyby tylne, elektrycznie ustawiane fotele, elektrycznie ustawiane lusterka, klimatyzacja automatyczna, klimatyzacja dwustrefowa, podgrzewane lusterka boczne, podgrzewane przednie siedzenia, przyciemniane szyby, tapicerka ciemna, tapicerka skórzana, wielofunkcyjna kierownica, wspomaganie kierownicy
wyposażenie - multimedia: bluetooth, CD, gniazdo AUX, gniazdo SD, gniazdo USB, MP3, nawigacja GPS, radio fabryczne, zmieniarka CD
wyposażenie - pozostałe: odnowione alufelgi w Ropczycach, elektrochromatyczne lusterka boczne, elektrochromatyczne lusterko wsteczne, komputer pokładowy, łopatki zmiany biegów, ogranicznik prędkości, szyberdach, tempomat aktywny.

AUTOMATYCZNA SKRZYNIA BIEGÓW

SKÓRZANA TAPICERKA

ŁOPATKI ZMIANY BIEGÓW

SZYBERDACH

BIXENONY

DOŚWIETLANIE ZAKRĘTÓW W LAMPIE GŁÓWNEJ

RADAR!!!

NAWIGACJA GPS

KAMERA COFANIA

NAGŁOŚNIENIE PREMIUM SOUND SYSTEM

ZMIENIARKA NA 6 PŁYT

DVD

USB

AUX

NOWA INSTALACJA GAZOWA STAG 4 (WAŻNOŚĆ ZBIORNIKA 2035)

PRZYCIEMNIONE SZYBY

TYPE-S

2 KLUCZYKI Z PAMIĘCIĄ USTAWIEŃ FOTELA KIEROWCY"
TMBEH61Z0B2169621,Octavia,2011,68000,Diesel,Sedan,5000,Czarny,1968,Nieuszkodzony,Automatyczna,Polska,170,Na przednie koła,po lewej,"Stojadła,",Mazowieckie,Skoda Octavia VRS 2.0 Diesel Avtomat Nowy samochód!,Prywatne,2025-04-19 16:13:21.766759,https://www.olx.pl/d/oferta/skoda-octavia-vrs-2-0-diesel-avtomat-nowy-samochod-CID5-ID15hgL1.html,994130507,Skoda,"Skoda Octavia VRS 2.0 Diesel Avtomat

Nowy samochód! Przebieg: 5000 tyś. km

BEZWYPADKOWY !

Auto kupione w salonie w Polsce!

TMBEH61Z0B2169621

Skoda Octavia VRS

Nowy samochód !

Silnik: 2.0 Turbo Diesel Avtomat

Skrzynia biegów automatyczna DSG 250

Wymieniony Rozrzad !

Moc silnika: 170KM
Kolor lakieru: Czarny Metalic

Nowe opony + zbieżność

Przebieg: 5000 tyś. km

Samochód jest w 100% sprawny, bezwypadkowy.
Stan techniczny Nowy samochód!

Auto pochodzi z polskiego salonu, jest bezwypadkowe!

Auto sprzedaje prywatnie na podstawie umowy kupna-sprzedaży.

Samochód u Mińsku Mazowieckim

https://youtu.be/NzSYbZr06J4?si=7VVZ_KsmKhfrg9Fa"
,Astra,2016,"37000
donegocjacji",Benzyna,Hatchback,206000,Inny kolor,1396,Nieuszkodzony,Automatyczna,Polska,150,Na przednie koła,po lewej,"Pułtusk,",Mazowieckie,Opel Astra K 2016 1.4 -150km,Prywatne,2025-04-19 16:13:24.018616,https://www.olx.pl/d/oferta/opel-astra-k-2016-1-4-150km-CID5-ID15hpLp.html,994165127,Opel,"Sprzedam Opel Astra 1.4 2016
Wersja elite 150 km

Zakupione przeze mnie w 2020r z przebiegiem 30 tyś km.
Auto zadbane
Olej filtry co 10-12 tys
Olej w skrzyni automatycznej co 70 tys
Rozrząd wymieniony ok 145 tys
Turbina wymieniona na nową 155 tys
Auto nieuszkodzone i niewypadkowe
Nowe opony zimowe ( z tego sezonu)
System Kay less ( bezkluczykowe otwieranie i odpalanie )
Auto z salonu Mikołajczyk Bydgoszcz
Pełna dokumentacja serwisowa

Wyposażenie
Asystenci pasa ruchu , martwego pola , parkowania ( tryb parkowania automatycznego )
Aktywne czytanie znaków
Automatyczne światła dzienne
Światła dzienne led
Duży wyświetlacz
Android car play / Apple car
Fotele z regulacją lendzwiowa
Automatyczne i podgrzewane lusterka
Lusterko wsteczne automatycznie przyciemniane
Kamera cofania
Czujniki parkowania przód i tyl

Auto dostępne od ręki
Możliwa rozsądna negocjacja.

7*2*5*4*7*9*2*1*6*"
,A4,2012,31500,Benzyna,Kombi,241000,Czarny,1800,Nieuszkodzony,Automatyczna,Polska,,Na przednie koła,po lewej,"Rzeszów,",Podkarpackie,Audi a4b8 automat,Prywatne,2025-04-19 16:13:26.081884,https://www.olx.pl/d/oferta/audi-a4b8-automat-CID5-ID15p22N.html,995980573,Audi,"Witam sprzedam Audi a4 b8 lift 1.8 170km
Wnętrze bardzo dobrze utrzymane bez przetarć czy zarysowań silnik i skrzynia ładnie pracuje,ostatnim czasie był wymieniany olej akumulator łożyska,40 tyś temu rozrząd opłaty ważne prawie rok ,wiadomo nie jest nowy samochód swój wiek ma ale jest bardzo dobrym stanie,można pojechać na stację diagnostyczną można czujnikiem po sprawdzać mogę vin wysłać wiadomości,

wyposażenie

tempomat
climatronik
wielofunkcyjna kierownica
doświetlanie zakretów
doświetlenie dojścia do domu
czujnik deszczu
isofix x2
czujnik zmierzchu
czujniki parkowania tyl
elektryczne lusterka
cztery elektryczne szyby
bluetooth
Alufelgi 18
Radio
ABS
Podgrzewane lusterka
Podgrzewane fotele
Zapraszam osoby zainteresowane"
,307 SW,2008,6990,Diesel,Kombi,284024,Niebieski,2000,Nieuszkodzony,Manualna,Polska,136,Na przednie koła,po lewej,"Szczecinek,",Zachodniopomorskie,Peugeot 307SW 136 koni! Climatronic super stan! Możliwa zamiana!,Firmowe,2025-04-19 16:13:28.781618,https://www.olx.pl/d/oferta/peugeot-307sw-136-koni-climatronic-super-stan-mozliwa-zamiana-CID5-ID15qLyx.html,996393849,Peugeot,Witam serdecznie państwa sprzedam śliczny model samochodu marki Peugeot 307sw auto zarejestrowane w Polsce z aktualnym ubezpieczeniem oraz przeglądem technicznym kompletna dokumentacja techniczna auto napędzane najlepszą bezawaryjną jednostką diesla o mocy 136 koni mechanicznych pracuje wzorowo perfekcja mechaniczna dynamiczny a co najważniejsze mega oszczędny spalanie max 5 do 6 litr na sto km skrzynia biegów manualna przełącza biegi bardzo delikatnie bez zastrzeżeń w ostatnim czasie założone amortyzatory autem jeździ się bardzo pewnie i komfortowo bardz duża przestrzeń bagażowa załadunku ogromny bagażnik wnętrze utrzymane w nienagannym stanie tapicerka welurowa czysta zadbana bez skazy Peugot ma solar dach szklany rozsuwana roleta oprócz tego Climatronic sprawny mrozi multimedia wielofunkcyjna kierownica zestaw głośnomówiący bluetooth radio CD wspomaganie kierownicy regulowana wysokość kierownicy immobiliser airbagi airbagi elektryczne lusterka auto dbane szanowane pod każdym względem wszystkie wymiany robione na czas jeśli interesuje cię konkretnie ten model samochoi i masz dość jeżdżenia po Polsce i oglądania zaniedbanych modeli z portali internetowych to zapraszam do mnie twój czas nie pójdzie na marne przyjeżdżasz i kupujesz auto Pewne gotowe do jazdy od zaraz pierwszy konkretny klient dostaje auto zatankowane do pełna Gratis zupełnie za darmo Prowadzę Skup sprzedaż zamiane samochodów osobowych dostawczych ciężarowych oraz motocykli skuterów quadów pozostaw swój pojazd w rozliczeniu za dopłatą w dowolnym stanie technicznym i wizualnym kończą ci się opłaty OC przegląd zadzwoń przyjedź odkupimy twoje stare auto pozbądź się problemu i wyjedz innym autkiem rozliczam każdy pojazd w bardzo atrakcyjnej cenie przyjmuję również angliki jeśli masz ochotę przyjechać pociągiem odbieramy klientów z stacji PKP zapraszam serdecznie
TMBEH61Z0B2169621,Octavia,2011,68000,Diesel,Sedan,5000,Czarny,1968,Nieuszkodzony,Automatyczna,Polska,170,Na przednie koła,po lewej,"Warszawa, Mokotów",Mazowieckie,Skoda Octavia VRS 2.0 Diesel Avtomat Nowy samochód!,Prywatne,2025-04-19 16:13:30.784706,https://www.olx.pl/d/oferta/skoda-octavia-vrs-2-0-diesel-avtomat-nowy-samochod-CID5-ID15hh6Q.html,994131860,Skoda,"Skoda Octavia VRS 2.0 Diesel Avtomat

Nowy samochód! Przebieg: 5000 tyś. km

BEZWYPADKOWY !

Auto kupione w salonie w Polsce!

TMBEH61Z0B2169621

Skoda Octavia VRS

Nowy samochód !

Silnik: 2.0 Turbo Diesel Avtomat

Skrzynia biegów automatyczna DSG 250

Wymieniony Rozrzad !

Moc silnika: 170KM
Kolor lakieru: Czarny Metalic

Nowe opony + zbieżność

Przebieg: 5000 tyś. km

Samochód jest w 100% sprawny, bezwypadkowy.
Stan techniczny Nowy samochód!

Auto pochodzi z polskiego salonu, jest bezwypadkowe!

Auto sprzedaje prywatnie na podstawie umowy kupna-sprzedaży.

Samochód u Mińsku Mazowieckim"
4JGBF71E87A249091,GL Klasa,2008,"47900
donegocjacji",LPG,SUV,300000,Czarny,4663,Nieuszkodzony,Automatyczna,,340,4x4 (stały),po lewej,"Nowa Sól,",Lubuskie,Mercedes v8 GL X164 450 4MATIC 340KM 2008,Prywatne,2025-04-19 16:13:33.653863,https://www.olx.pl/d/oferta/mercedes-v8-gl-x164-450-4matic-340km-2008-CID5-ID15girS.html,993898680,Mercedes-Benz,"Mercedes GL 450 v8 z 4.7l wraz z instalacja lpg,
Co do samego samochodu jest w moim posiadanou od okolo 8l
Nie jest to zadne ulep, mercedes jest w 95% w orginalnym lakierze, bez problemu robi duze trasy dzieki instalacji lpg jazda nim to czysta przyjemnosc,
Duzo by wymieniac co ma,
Latwiej jest wymienic czego nie ma,
Wszelkiego rodzaju informacje udziele z checia podczas rozmowy telefonicznej,
Smialo mozna dzwonic do godziny 20,
Nie negocjujemy ceny przez telefon,
Mamy pytanie telefonowac i pytac smialo
Pozdrawiam"
7FARW2H53NE013162,CR-V,2022,"112900
donegocjacji",Benzyna,SUV,92800,Niebieski,1498,Nieuszkodzony,Automatyczna,Stany Zjednoczone,193,4x4 (dołączany automatycznie),po lewej,"Olsztyn,",Warmińsko-mazurskie,Honda CR-V 1.5 Elegance (Honda Connect+) CVT 4x4,Prywatne,2025-04-19 16:13:35.406346,https://www.olx.pl/d/oferta/honda-cr-v-1-5-elegance-honda-connect-cvt-4x4-CID5-ID15ogo9.html,995797385,Honda,"sprzedam Hondę CR-V z automatyczną skrzynią biegów i dynamicznym 193 konnym silnikiem. Auto nie wymaga wkładu własnego.
Serwis olejowo filtrowy wrzesień 2024
nowe tarcze i klocki hamulcowe przód i tył
Wymiana oleju w automatycznej skrzyni biegów marzec 2025
Samochód sprowadzony z USA jako uszkodzony, naprawiony w autoryzowanym serwisie HONDA.
Samochód od osoby prywatnej (pracownik serwisu Honda)
Z najważniejszego wyposażenia:
niespotykany granatowo-niebieski lakier
Napęd 4x4
Automatyczna skrzynia biegów
szyberdach
kamera cofania
opony wielosezonowe
tempomat
asystent pasa ruchu
czujnik martwego pola
elektryczna regulacja fotela kierowcy
automatyczne światła drogowe
AndroidAuto, Apple CarPlay
Ogłoszenie grzecznościowe, kontakt do Właściciela 785_731_000"
WOLJ7AMA68V617747,Vivaro,2007,"28999
donegocjacji",Diesel,Minibus,298222,Biały,2000,Nieuszkodzony,Manualna,,90,,,"Gromadno,",Kujawsko-pomorskie,Opel vivaro 2007rok 2.0diesel 90ps 6osobowy klima hak kamera Radio,Prywatne,2025-04-19 16:13:37.120764,https://www.olx.pl/d/oferta/opel-vivaro-2007rok-2-0diesel-90ps-6osobowy-klima-hak-kamera-radio-CID5-ID15oMJ8.html,995921694,Opel,"Mam na sprzedaż moje prywatne auto
Opel vivaro który służy mi 8lat w moich rękach. Rok temu przeszedl duzy serwis
Nowe Zawieszenie kompletne.
Nowe sprzęgło
Nabicie klimatyzacji
Oraz wymienione łożyska w skrzyni biegów
Zregenerowany jest też alternator i rozrusznik
6 lat temu wymienione wtryski oraz rozrząd kompletny
Na chwilę obecną nie wymaga wkładu finansowego.

Tylna kanapa nie musi być wyciągana.mozna ja złożyć pionowo.

Wszystko w aucie jest sprawne.


Ma założone Radio pioniera z kamera cofania-koszt radia 2600zl
Bluetooth Zestaw głośnomówiący

Opony 6mm uniwersalne

Dodatkowo zostawiam ledy z przodu .

Wyposazenie
Elektryczne szyby plus lusterka
Klima
Hak
Drzwi boczne przesuwne
Centralny zamek z pilota
Wspomaganie kierownicy
Przyciemnione szyby
Auto osobowe na 6osob
Radio z kamerą
Itd

Wystawiam fakturę VAT-marża kupujący zwolniony z podatku skarbowego 2procent pcc-3
Zgadzam się na wizytę w stacji diagnostycznej

Opłaty i przeglad wazny do 2026.02

Więcej informacji udziele telefonicznie Pozdrawiam"
,Passat,2003,"2990
donegocjacji",LPG,Sedan,279000,Inny kolor,1800,Nieuszkodzony,Manualna,,150,Na przednie koła,po lewej,"Banino,",Pomorskie,Na Sprzedaz Volkswagen Passat 1.8T LPG/Lift/SuperStan/Oszczedny/Zamian,Firmowe,2025-04-19 16:13:39.291403,https://www.olx.pl/d/oferta/na-sprzedaz-volkswagen-passat-1-8t-lpg-lift-superstan-oszczedny-zamian-CID5-ID15orX2.html,995841832,Volkswagen,"Samochód zarejestrowany w kraju

Oferujemy usluge dostarczenie auta pod dom.

Przyjmujemy auto w rozliczeniu !!!

Witam, posiadamy na sprzedaż piękny i niezawodny Volkswagen Passat z najlepszym niezawodnym silnikiem 1.8T Benzyna wraz z LPG. Stan auta oceniam na bardzo dobry, ostatnio wymienione oleje oraz filtry, klocki. zawieszenie w bardzo dobrym stanie.

Na wyposażeniu auta:
- wspomaganie kierownicy
- elektryczne szyby
- klimatyzacja
- centralny zamek z pilota
- radio

Blacharsko jak widać na zdjęciach w dość dobrym stanie.
Opłaty ważne
OC Ważne
PT Ważne

Zapraszamy do oględzin oraz jazdę próbną.

Chętnie zamienimy!

Zapraszamy Na Wzgórzu 14, 80-297 Banino

Przed przyjazdem zadzwon, zapytaj o dostepnosc wybranego auta !

Przyjmiemy Twoje auto w rozliczeniu!

Wystawiamy Fakture VAT MARZA - Jestescie Panstwo zwolnieni z oplaty skarbowej 2% :) !

Godziny otwarcia

Codziennie od 8 do 20

Niniejsze ogłoszenie nie stanowi oferty ani zapewnienia, w szczególności rozumieniu art. 66 § 1 i art. 556 indeks 1 Kodeksu cywilnego. Zastrzegamy sobie prawo do doprecyzowania oraz korekt omyłek."
,Yaris,2005,"9500
donegocjacji",Benzyna,Hatchback,126352,Srebrny,1300,Nieuszkodzony,Manualna,Niemcy,87,Na przednie koła,po lewej,"Kraków, Prądnik Biały",Małopolskie,Toyota Yaris 1.3 87M Lift! Ladna zadbana,Prywatne,2025-04-19 16:13:41.544774,https://www.olx.pl/d/oferta/toyota-yaris-1-3-87m-lift-ladna-zadbana-CID5-ID15hfFa.html,994126300,Toyota,"Toyota Yaris Lift 1.3 87Km 2005r

Samochód w bardzo dobrym stanie technicznym oraz wizualnym.

Lakier bardzo ładnie utrzymany, wnętrze czyste i pachnące.

Na tą chwilę auto w pełni gotowe do jazdy bez wkładu finansowego!

Auto bardzo żwawe pewnie się prowadzi wszystkie serwisy robione na czas.

Zarejestrowany i ubezpieczony w Polsce.

wyposażenie:

- klimatyzacja (świeżo po serwisie)

- komputer pokładowy

- elektryczne szyby

- elektryczne lusterka

- centralny zamek

- Felgi 14 cali

- dwa kluczyki

- książka serwisowa

I dużo innych dodatków

Wszystkie informacje pod telefonem"
,A3,2012,"35900
donegocjacji",Diesel,Hatchback,268000,Inny kolor,1968,Nieuszkodzony,Manualna,,150,Na przednie koła,,"Dankowice,",Śląskie,Audi A3 8v 2.0 tdi 2012r.,Prywatne,2025-04-19 16:13:43.367193,https://www.olx.pl/d/oferta/audi-a3-8v-2-0-tdi-2012r-CID5-ID15gjCZ.html,993903213,Audi,"Sprzedam audi A3 8v 2.0 tdi 2012r. z sześciobiegowa skrzynia biegów. Samochód jest w dobrym stanie technicznym oraz wizualnym. Jest regularnie serwisowana. Nie wymaga wkładu finansowego.
Proszę o kontakt tylko zdecydowane osoby
nr tel. 50*****49"
,Pozostałe Lexus,1994,"23500
donegocjacji",Benzyna,Coupe,400000,Zielony,4000,Uszkodzony,Automatyczna,Stany Zjednoczone,,Na tylne koła,po lewej,"Miastko,",Pomorskie,Lexus SC 400 1994,Prywatne,2025-04-19 16:13:44.833029,https://www.olx.pl/d/oferta/lexus-sc-400-1994-CID5-ID15hoxV.html,994160448,Lexus,"Lexus SC 400 1994. Auto sproawdzone z USA z Californi. Stan widiczny na zdjeciach. Silnik chodzi idealnie, niesamowity dżwięk ( dolot aftermarket). Kotakt 60*******33."
,Grand Cherokee,1997,"8000
donegocjacji",Diesel,Terenowy,240000,Inny kolor,,Uszkodzony,Manualna,Polska,,4x4 (dołączany ręcznie),po prawej,"Słupsk,",Pomorskie,Jeep Grand Cherokee 1997,Prywatne,2025-04-19 16:13:46.542855,https://www.olx.pl/d/oferta/jeep-grand-cherokee-1997-CID5-ID157T1S.html,991894344,Jeep,"Jeep Grand Cherokee 1997- dla pasjonata lub na części.

Sprzedaję Jeepa Grand Cherokee z 1997 roku. Kupiłem go niecały rok temu i przez ten czas wymieniłem naprawdę sporo części. Wizualnie auto prezentuje się bardzo dobrze, jednak pojawił się problem- po pewnym czasie jazdy zaczyna dymić na biało z rury wydechowej, a temperatura silnika szybko rośnie. Nie mam już cierpliwości, żeby dalej w niego inwestować, dlatego sprzedaję go w cenie części.

-Wymienione części:
-Wahacze przód i tył (górne i dolne)
-Hamulce tył
-Przedni zderzak
-Immobilizer
-Nowa lampa przód
-Krzyżak tylnego wału
-Drążki stabilizatora
Dodatkowo w zestawie koło zapasowe.

Jeep może być dobrą bazą dla kogoś, kto chce go doprowadzić do porządku, albo po prostu na części. Jeśli masz pytania- zapraszam do kontaktu!"
,308,2014,"26900
donegocjacji",Diesel,Kombi,218745,Czarny,1560,Uszkodzony,Manualna,Francja,120,,,"Sieroszewice,",Wielkopolskie,Sprzedam Peugeot 308 Full Led Panorama,Prywatne,2025-04-19 16:13:48.381373,https://www.olx.pl/d/oferta/sprzedam-peugeot-308-full-led-panorama-CID5-ID15gMKU.html,994015180,Peugeot,"Witam sprzedam świeżo przyprowadzony Peugeot 308 po małej kolizji do pomalowania zderzak samochód jeździ Na wyposażeniu znajdują się między innymi:
-klimatyzacja dwustrefowa automatyczna

-4x elektryczne szyby

-podgrzewane lusterka
-lampy Full Led automatyczne

-czujniki parkowania przód + tył

-asystent wspomagania ruszania pod górę

-dotykowy komputer pokładowy wraz z zestawem głośnomówiącym

-czujnik deszczu

-czujnik zmierzchu

-multifunkcyjna kierownica

-tempomat

-ogranicznik prędkości

-mocowania isofix
-klimatyzowany schowek
- nowe opony letnie - przy przebiegu 185 wymieniony rozrząd i sprzęgło 2023roku"
,Astra,2011,"16500
donegocjacji",Diesel,Kombi,313029,Czarny,1700,Nieuszkodzony,Manualna,,110,Na przednie koła,po lewej,"Kraków, Prądnik Biały",Małopolskie,Opel Astra J sport tourer 1.7cdti Zadbana serwisowana,Prywatne,2025-04-19 16:13:50.633818,https://www.olx.pl/d/oferta/opel-astra-j-sport-tourer-1-7cdti-zadbana-serwisowana-CID5-ID15hfcc.html,994124504,Opel,"Opel Astra 1.7 cdti 110KM 2011r

Samochód w bardzo dobrym stanie technicznym oraz wizualnym.

Lakier bardzo ładnie utrzymany, wnętrze czyste i pachnące.

Na tą chwilę auto w pełni gotowe do jazdy bez wkładu finansowego!

Auto bardzo żwawe pewnie się prowadzi wszystkie serwisy robione na czas (rozrząd wymieniony przy przebiegu 297tys km)

Zarejestrowany i ubezpieczony w Polsce.

wyposażenie:

- klimatyzacja 2 - strefowa

- światła do jazdy dziennej

- szyberdach elektryczny

-podgrzewane fotele

- kierownica wielofunkcyjna

- nawigacja

- światła do jazdy dziennej

- ESP ASR system kontroli trakcji

- komputer pokładowy

- elektryczne szyby

- elektryczne lusterka

- podgrzewane lusterka

- centralny zamek

- Felgi 17 cali dwa komplety opon

- dwa kluczyki

- książka serwisowa

I dużo innych dodatków

Wszystkie informacje pod telefonem"
,Kuga,2012,"29700
donegocjacji",Diesel,SUV,227000,Biały,2000,Nieuszkodzony,Manualna,,140,Na przednie koła,,"Lublin,",Lubelskie,"Ford Kuga/2.0/Klimatronic/Czujniki przód, tył/Alu/Chromy/Relingi !!!",Prywatne,2025-04-19 16:13:53.790949,https://www.olx.pl/d/oferta/ford-kuga-2-0-klimatronic-czujniki-przod-tyl-alu-chromy-relingi-CID5-ID15ayQq.html,992531738,Ford,"Opis
Auto sprowadzone
Gotowe do rejestracji, koszt rejestracji wynosi tylko 160 zł

- rok produkcji: 2012
- silnik: 2,0
- moc silnika: 140 KM
- rodzaj nadwozia: SUV
-przebieg: 227000

Auto w bardzo dobrym stanie wizualnymi jak i technicznym.
Wnętrze zadbane bez żadnych przetarć.
Silnik bardzo ładnie pracuje bez żadnych wycieków, dymienia itp.
Karoseria bez korozji.
Zawieszenie bez luzów

SZCZEGÓŁOWE WYPOSAŻENIE SAMOCHODU:

- klimatyzacja klimatronik dwu-strefowy
- ESP
- aluminiowe felgi
- ABS
- poduszki powietrzne
- wspomaganie kierownicy
- centralny zamek
- regulacja kierownicy
- elektryczna regulacja świateł
- immobiliser
- kurtyny powietrzne
- elektryczne szyby
- sterowanie radia z kierownicy
- radio
- elektryczne lusterka
- czujniki parkowania przód
- czujniki parkowania tył

UWAGA! możliwość pozostawienia auta w rozliczeniu !!!"
,Captiva,2014,49900,Diesel,SUV,212000,Biały,2200,Nieuszkodzony,Automatyczna,Polska,184,4x4 (stały),po lewej,"Kłodzko,",Dolnośląskie,"Captiva 2.2D 184KM Automat, 4x4, 7 osob, Salon Polska!Piękna, zamiana",Prywatne,2025-04-19 16:13:55.624581,https://www.olx.pl/d/oferta/captiva-2-2d-184km-automat-4x4-7-osob-salon-polska-piekna-zamiana-CID5-ID15gpqO.html,993925522,Chevrolet,"Chevrolet Captiva Salon Polska!
2.2D 184KM Automat, 4x4 , 7 osobowy
Przebieg 212 tys km
Lakier Biała perła!

Auto w idealnym stanie, całe w fabrycznym lakierze, serwisowane na bierząco, całkowicie transparentna historia auta- salon PL , najbogatsza wersja jak skora, kamera cofania, dwie strefy climatronic, Alu 19', podgrzewane fotele itp, na aucie jest położona ceramika , do jazdy bez wkładu , możliwe rozliczenie innego pojazdu"
,A8,2003,29500,Benzyna,Sedan,406000,Inny kolor,4200,Nieuszkodzony,Automatyczna,Dania,335,4x4 (stały),po lewej,"Słubice,",Lubuskie,Audi a8 d3 4.2 benzyna + gaz 2003,Prywatne,2025-04-19 16:13:58.252767,https://www.olx.pl/d/oferta/audi-a8-d3-4-2-benzyna-gaz-2003-CID5-ID15ogGk.html,995798512,Audi,"Niedawno 2 tyg temu wymieniono :
- wtryskiwacz gazowe
-wtryskiwa paliwa
-rozrzad zestaw Continental
- czujnik położenia walu
-rolki osprzętu + pasek
-olej + wszystkie filtry

6 miesięcy temu wymieniony wszystkie whacze dolne przód + łączniki stabilizatora , lewy przedni miech, tarcze przód Zimmermann Sport z klockami, tarcze , klocki tył Brembo, nowe silniczki hamulca ręcznego + z prawej strony kompletny z zaciskiem.

W 2021 roku był zakładany gaz Stag, na gazie zrobione 50 tys km z czego 40 tys km to tylko autostradowy przebieg.

Auto posiada 400 tys przebiegu przy 370 tys wymienione były łańcuchy z nastawnikami, wyczyszczono odpływy szyberdachu.

Silnik nie posiada żadnych wycieków, odpala na strzała pracuje idealnie. Utrzymany w dobrym stanie jak na 22 lata nie wymaga żadnego wkładu na tą chwilę siadać i jechac.

W ostatnim czasie były wymienione 2 sondy Bosh.

Założony jest odbiornik Bluetooth.

Auto posiada klimatronik, elektryczna kierownice, pamięć foteli, elektryczne fotele kierowcy i pasażera, podgrzewana tylna kanapę, tempomat.

Do Auta Dorzucam klocki przód Febi, silniczek ręcznego nowy, dekory w tym samym kolorze, tylna półka.

Zapraszam do obejrzenia.
79***********06"
,C Klasa,2013,"34300
donegocjacji",Diesel,Kombi,241000,Szary,2149,Nieuszkodzony,Manualna,Niemcy,170,Na tylne koła,po lewej,"Głogów,",Dolnośląskie,Mercedes Benz C klass,Prywatne,2025-04-19 16:14:00.414724,https://www.olx.pl/d/oferta/mercedes-benz-c-klass-CID5-ID14ErYL.html,984878851,Mercedes-Benz,"Witam
Posiadam na sprzedaż Mercedes –Benz C-Klasa z 2013 roku z przebiegiem 241 tyś. (Auto cały czas w użytku.) Wyposażonego w silnik wysokoprężny 2.2 Cdi 170Km z sześciostopniową skrzynią biegów Auto od nowości posiadało dwóch właścicieli jednego za granicą w Niemczech skąd zostało sprowadzone oraz drugiego w kraju którym ja jestem. Samochód posiada książkę serwisową oraz udokumentowany i zweryfikowany przebieg. W Polsce dokonałem wszelkich wymian części eksploatacyjnych i do dnia dzisiejszego auto nie uległo żadnej awarii. Zachęcam do zakupu w razie jakichkolwiek pytań proszę o kontakt telefoniczny ze względu na pracę i brak czasu nie odpowiadam na wiadomość. Pozdrawiam
Auto bogato wyposażone :
• ABS, ESP
• Asystent Parkowania
•Asytent ruszania pod górę
• Bluetooth
• Climatronic
• Elektryczne Fotele
• Elektrycznie składane lusterka
• Hak holowniczy składany
• Halogeny
• Nawigacja
• Parktronic przód i tył
• Poduszki powietrzne
• Radio Cd
• Tempomat
• Oraz wiele innych funkcji których nie wymieniłem

Spalanie auto wynosi :
Cykl miejski 6,8l
Cykl autostradowy 5.3l

Dodatkowo do Auta :

• Komplet kół letnich na oryginalnych Alufelgach Mercedesa
• Dwa kluczyki"
,XC 60,2013,"32500
donegocjacji",Benzyna,SUV,156000,Czarny,2999,Uszkodzony,Automatyczna,Stany Zjednoczone,290,4x4 (dołączany automatycznie),po lewej,"Piaseczno,",Mazowieckie,Volvo XC60 3.0T6,Prywatne,2025-04-19 16:14:01.876965,https://www.olx.pl/d/oferta/volvo-xc60-3-0t6-CID5-ID153Qq6.html,990931002,Volvo,"Auto świeżo sprowadzone ze Stanów,w dobrym stanie,chłodnicy całe. CŁO i VAT opłacone , zostaje akcyza, minimalna naprawa co widać na zdjęciach + rejestracja!

Wyposażenie
Lakier metaliczny Black Sapphire
- Kamera cofania
- System IDIS (Intelligent Driver Information System)
- Immobilizer
- Inteligentny kluczyk z funkcją dostępu bezkluczykowego oraz rozruchu silnika
- Tempomat
- Czujniki parkowania przód i tył (Parking Assistance)
- City Safety (system zapobiegania kolizjom)
- Skórzana tapicerka standardowa (Comfort)
- Elektryczna regulacja foteli kierowcy i pasażera z pamięcią ustawień
- Podgrzewane fotele przednie
- Elektrycznie składane zagłówki tylne
- Klimatyzacja elektroniczna dwustrefowa
- System audio Premium Sound z obsługą DVD/MP3 i radiem cyfrowym HD oraz
Sirius
- Złącza AUX i USB oraz Bluetooth z funkcją streaming audio
- Nawigacja fabryczna USA/Kanada z TMC (informacje o ruchu drogowym)
- Automatycznie ściemniające się lusterko wsteczne wewnętrzne z kompasem i
systemem Homelink
- Automatyczny hamulec postojowy (EPB)
- Światła przednie ksenonowe (Advanced Front Lighting), symetryczne dla USA, z
funkcją automatycznego przyciemniania
- Spryskiwacze reflektorów
- Automatyczne wycieraczki z czujnikiem deszczu
- Aluminiowe obręcze kół 19"" (Michelin All Season 235/55R19)
- Dojazdowe koło zapasowe 17""
- Relingi dachowe w kolorze srebrnym
- Przyciemniane szyby tylne i bagażnika
- Elektrycznie otwierana klapa bagażnika
- Alarm z funkcją panic
- Oświetlenie powitalne w lusterkach zewnętrznych
- Dodatkowe gniazdo 12V w bagażniku
- Układ monitorowania ciśnienia powietrza w kołach zapasowych
- Standardowe zawieszenie typu komfort/turystyczne
- Elektrycznie wspomagany układ kierowniczy (EHPS)"
TMBJG7NE8L0115575,Octavia,2020,"49900
donegocjacji",Diesel,Kombi,210876,Biały,1600,Nieuszkodzony,Manualna,Polska,115,Na przednie koła,po lewej,"Skoczów,",Śląskie,Skoda Octavia / Polski salon / Pełna historia,Prywatne,2025-04-19 16:14:03.432343,https://www.olx.pl/d/oferta/skoda-octavia-polski-salon-pelna-historia-CID5-ID15qfO3.html,996271803,Skoda,"Witam, sprzedam Skode Octavie jeździłem nią 6 miesięcy na taxi ( trasy po 200-400 km lotniska) przebieg jest wyłącznie robiony w trasie, teraz służy mi jako moje auto prywatne, jestem wyczulony na punkcie samochodu więc zrobiłem w niej sporo rzeczy:

- kompletny rozrząd
- tarcze/klocki przód tył
- 2 tygodnie temu świeży olej wraz ze wszystkimi filtrami
- lakier wypolerowany i zabezpieczony powłoką
- wymienione podkładki pod wtryskami (co 200tys km powinno się wymieniać, ale prawie nikt tego nie robi)
- opony lato po jednym sezonie
- opony zima, nowe, przejechane mają nie całe 2 tys km
- wymieniony płyn hamulcowy
- świeży płyn chłodniczy
- co 60 tys km wymieniany olej w skrzyni biegów
- nowy akumulator
- klimatyzacja odgrzybiona i nabita parę miesięcy temu
- zalewana od początku diesel Verva (nie zwykła, posiadam faktury z tankowania)
- co 3 miesiące lany środek do baku czyszczący wtryski i układ paliwowy
- adblue nie kupowane na stacji tylko orginalne z VW w baniakach

Samochód jest utrzymany wzorowo.

Z samochodem daje ubezpieczenie do końca listopada 2025 r, 10 litrów Adblue VW, pełny bak paliwa oraz całą historię samochodu z ASO.

Jeśli ktoś by był zainteresowany to zachęcam do sprawdzenia samochodu w ASO bądź na stacji diagnostycznej, jeśli coś wyjdzie zwracam koszty przyjazdu.

Wystawiam fakturę VAT, kupujący zwolniony z opłaty w skarbówce

Pierwsza rejestracja Maj 2020

Pozdrawiam"
WVWZZZCDZMW063486,Golf,2020,85000,Benzyna,Hatchback,85000,Srebrny,1984,Nieuszkodzony,Automatyczna,Wielka Brytania,300,,po prawej,"Prudnik,",Opolskie,Golf GTi Clubsport Anglik 300km/Zamiana,Prywatne,2025-04-19 16:14:08.651023,https://www.olx.pl/d/oferta/golf-gti-clubsport-anglik-300km-zamiana-CID5-ID15oi3A.html,995803798,Volkswagen,"Sprzedam Volkswagena Golf GTi samochód jest wersji Clubsport używany przeze mnie prywatnie, moc silnika 300km. Bardzo fajny samochód który przyjemnie się prowadzi jest mocny i ekonimiczny w spalaniu. Golf stoi na 19 calowych alufelgach i zimowych oponach, które zakupiłem 2 miesiące temu, więc można powiedzieć, że są nowe. Dorzucam również komplet opon letnich kupione w tym sezonie letnim i też są w bardzo dobrym stanie. Jak na 4 latka jest bardzo dobrze utrzymany środek prawie jak nowy, zewnątrz samochód wygląda ładnie, ostatnio pojawiły się małe odpryski na masce jeżeli komuś to będzie przeszkadzać trzeba dać do lakiernika. Małe peknięcie obudowy lusterka zewnętrznego też jest widoczne jak i delikatnie porysowany tylni zderzak. Golfa oceniam na bardzo dobry stan, wszystkie części eksploatacyjne wymieniane na bieżąco. Tydzień temu zostały wymienione klocki z przodu, a 2 miesiące temu filtry i olej. Jeżeli chodzi o stan techniczny to jest do wymiany moduł keylessa, który powodują brak działania otwierania się samochodu w funkcji keyless go. Aktualnie z braku czasu nie robiłem tego modułu (koszt około 100zł). Samochód został sprowadzony z Angli przez poprzedniego właściciela. Ja samochodem jezdzę rok czasu i sprzedaję z powodu wyjazdu za granice. Auto minimalnie ściaga na prawą stronę po wymianie opon wulkanizator stwierdził, że poprzednie opony ładnie i równo się zużywają. Możliwe, że to kwestia regulacji lub poprawienia zbieżności. Posiadam dwa org kluczyki keyless z pilotem, oraz prawie nowe opony letnie, który dodaję do samochodu dla nowego właściciela. Więcej zdjęc i filmik mogę podesłać na maila lub przez OLx.
Zgadzam się na sprawdzenie przez serwis samochodowy. Cena podlega rozsądnej negocjacji, możliwość zamiany na inny samochód Jeep Wrangler, Kombi lub coś większego"
,Golf,2011,23500,Benzyna,Sedan,200000,Szary,1400,Nieuszkodzony,Manualna,Niemcy,80,Na przednie koła,po lewej,"Bydgoszcz,",Kujawsko-pomorskie,Vw golf MPI 2011,Prywatne,2025-04-19 16:14:10.350131,https://www.olx.pl/d/oferta/vw-golf-mpi-2011-CID5-ID15hgWN.html,994131175,Volkswagen,"Dzień dobry.

Samochód wyposażony jest w prosty, sprawdzony i ekonomiczny silnik benzynowy o mocy 80 KM, mający bardzo dobre opinie wśród użytkowników, zestrojony z manualną skrzynią biegów. Silnik idealnie nadaje się pod montaż instalacji gazowej !!
Volksvagen jest w bardzo dobrym stanie technicznym i wizualnym, wszystko jest sprawne i działa prawidłowo - wnętrze auta zadbane dla wymagających klientów.

Auto zostało świeżo sprowadzone z Niemiec jest bezwypadkowe - wszystkie szyby i lampy - oryginalne.

Golf posiada niski, oryginalny przebieg 200 tys km.

!!! GWARANCJA PRZEBIEGU !!! GWARANCJA BEZWYPADKOWOŚCI !!!

Wyposażenie : klimatyzacja automatyczna - sprawna, ABS, ESP, poduszki powietrzne + kurtyny, cztery elektryczne szyby, elektrycznie sterowane i podgrzewane lusterka,tempomat,podgrzewane fotele centralny zamek sterowany kluczykiem, system ISOFIX, fabryczny radioodtwarzacz, halogeny, światła do podłokietnik itd.
PARK ASSISTANCE - Auto samo parkuje..

MOŻLIWOŚĆ ZAMIANY lub pozostawienia auta w ROZLICZENIU !!!

Zapraszam"
TMBEH61Z0B2169621,Octavia,2011,68000,Diesel,Sedan,5000,Czarny,1968,Nieuszkodzony,Automatyczna,Polska,170,Na przednie koła,po lewej,"Warszawa, Praga-Północ",Mazowieckie,Skoda Octavia VRS 2.0 Diesel Avtomat Nowy samochód!,Prywatne,2025-04-19 16:14:13.294090,https://www.olx.pl/d/oferta/skoda-octavia-vrs-2-0-diesel-avtomat-nowy-samochod-CID5-ID15hgWQ.html,994131178,Skoda,"Skoda Octavia VRS 2.0 Diesel Avtomat

Nowy samochód! Przebieg: 5000 tyś. km

BEZWYPADKOWY !

Auto kupione w salonie w Polsce!

TMBEH61Z0B2169621

Skoda Octavia VRS

Nowy samochód !

Silnik: 2.0 Turbo Diesel Avtomat

Skrzynia biegów automatyczna DSG 250

Wymieniony Rozrzad !

Moc silnika: 170KM
Kolor lakieru: Czarny Metalic

Nowe opony + zbieżność

Przebieg: 5000 tyś. km

Samochód jest w 100% sprawny, bezwypadkowy.
Stan techniczny Nowy samochód!

Auto pochodzi z polskiego salonu, jest bezwypadkowe!

Auto sprzedaje prywatnie na podstawie umowy kupna-sprzedaży.

Samochód u Mińsku Mazowieckim

https://youtu.be/NzSYbZr06J4?si=7VVZ_KsmKhfrg9Fa"
,Trafic,2012,35000,Diesel,Minibus,410000,Szary,2000,Nieuszkodzony,Manualna,Polska,130,,po lewej,"Łubno,",Podkarpackie,Renault traffic 2012 9 os long hak,Prywatne,2025-04-19 16:14:14.889903,https://www.olx.pl/d/oferta/renault-traffic-2012-9-os-long-hak-CID5-ID15ankJ.html,992487489,Renault,"Witam, mam na sprzedaż renault traffic 2012 rok 2,0 dci 115 km 2x klima , oryginalne czujniki parkowania
410 tys przebiegu
Ostatnim czasem zrobiłem całe kpl sprzęgło
Regeneracja skrzyni
Serwis co 10 tys
Samochód ma zamontowany hak i przyciemnione szyby
Dołożony został również led bar i pomarańczowe obrysy na przycisk
Jakieś dokładki , lampy itp
Odrazu mówię samochód nie jest idealny ma liczne rysy i przetarcia na przednich fotelach
Zaintersowanych zapraszam +48*******95 dla bardziej zainteresowanych mogę sprzedać w pakiecie z lawetą przyczepą do przewozu samochodów 2 tony dmc za dodatkową dopłatą."
WBAFG81010L283491,X6,2009,54000,Benzyna,SUV,177000,Czarny,4395,Nieuszkodzony,Automatyczna,Polska,408,4x4 (stały),po lewej,"Krzeczyn,",Dolnośląskie,Bmw x6xdrive benzyna,Prywatne,2025-04-19 16:14:16.349066,https://www.olx.pl/d/oferta/bmw-x6xdrive-benzyna-CID5-ID153JAs.html,990904736,BMW,"Witam mam do sprzedania ładną bmw x6 xdrive silnik benzyna 4.4L auto zadbane serwisowane na bieżąco co 10tys km olej w silniku wymieniany
Zawieszenie w stanie b.dobrym
Przebieg oryginalny więcej pod tel"
WVWZZZ7MZ8V009537,Sharan,2007,"10500
donegocjacji",Diesel,Minivan,364000,Srebrny,1968,Nieuszkodzony,Manualna,Niemcy,140,Na przednie koła,po lewej,"Opole,",Opolskie,Volkswagen Sharan (TANIEJ),Prywatne,2025-04-19 16:14:18.137940,https://www.olx.pl/d/oferta/volkswagen-sharan-taniej-CID5-ID15hqjd.html,994167223,Volkswagen,"Solidne auto z mocnym silnikiem. Stan techniczny dobry, wizualnie mógłby mieć trochę poprawek (zdjęcia). Świeżo po przeglądzie, wymieniony miesiąc temu zawór EGR (ok. 2000 zł). Z hakiem, zmieniarką płyt, dodatkowo koła z letnimi oponami. Zapewniona wygodna jazda, pojemny, cały czas używany. Zapraszam.

5 3 9 8 1 1 2 2 2"
,Golf,2016,"55000
donegocjacji",Diesel,Hatchback,175000,Czarny,1998,Nieuszkodzony,Manualna,Niemcy,184,Na przednie koła,po lewej,"Żywiec,",Śląskie,Volkswagen Golf 7 GTD 2.0 184 konie SERWISOWANY,Prywatne,2025-04-19 16:14:19.628366,https://www.olx.pl/d/oferta/volkswagen-golf-7-gtd-2-0-184-konie-serwisowany-CID5-ID15qKQl.html,996391109,Volkswagen,"VW Golf GTD

Karbonowe elementy

Doinwestowany

Serwisowany na bieżąco

Silnik 2.0

Przebieg: 175000 km

Wersja limitowana

Faktura VAT MARŻA

Kupujący zwolniony z podatku PCC3

Więcej informacji pod numerem telefonu: 73*****07"
,Golf,2009,"11500
donegocjacji",LPG,Hatchback,295000,Czarny,1390,Uszkodzony,Manualna,,,,po lewej,"Żyrardów,",Mazowieckie,golf 6 1.4 16v gaz,Prywatne,2025-04-19 16:14:21.345280,https://www.olx.pl/d/oferta/golf-6-1-4-16v-gaz-CID5-ID15obbz.html,995777385,Volkswagen,"Witam do sprzedania golf 6 1.4 16v lpg. Auto do małych poprawek. Jakieś otarcia , jakaś kosmetyka, błąd abs. Jeździ , skręca , hamuje użytkowany na co dzień . W razie pytań proszę o kontakt telefoniczny."
